职位名称,公司名称,工作地点,参考月薪,学历,发布时间
软件前端开发 [实习],万商互动（厦门）信息技术有限公司,厦门市思明区,2000＝3000元/月,无,2021-11-07 22:24
前端开发,万商互动（厦门）信息技术有限公司,厦门市思明区,5000-8000,大专,2021-11-07 22:24
高级前端工程师,厦门创匠信息科技股份有限公司,厦门市集美区,10000-15000,本科,2021-11-07 21:50
web前端开发工程师,厦门市恒连网络科技有限公司,厦门市思明区,4000-6000,大专,2021-11-07 21:30
前端开发工程师,厦门市好景科技有限公司,厦门市集美区,8000-12000,本科,2021-11-07 21:28
前端工程师（中级）,厦门快商通科技股份有限公司,厦门市、厦门市集美区,8000-12000,本科,2021-11-07 21:24
中级前端开发工程师,厦门铸远集团有限公司,厦门市集美区,8000-13000,大专,2021-11-07 20:50
前端开发工程师,福建宏泰智能工业互联网有限公司,厦门市思明区,10000-20000,本科,2021-11-07 20:03
前端开发,厦门宇客云网络科技有限公司,厦门市思明区、厦门市湖里区,9000-12000,本科,2021-11-07 16:06
Web前端开发人员,厦门优数科技有限公司,厦门市湖里区,5000-6000,本科,2021-11-07 15:25
前端开发工程师,厦门嵘拓物联科技有限公司,厦门市,6000-12000,本科,2021-11-07 13:42
高级前端工程师,厦门南讯股份有限公司,厦门市、厦门市思明区,,大专,2021-11-07 11:05
前端开发（实习生）,厦门南讯股份有限公司,厦门市、厦门市思明区,,本科,2021-11-07 11:05
前端开发工程师,厦门南讯股份有限公司,厦门市、厦门市思明区,,大专,2021-11-07 11:05
前端开发工程师,硕橙（厦门）科技有限公司,厦门市集美区、厦门市,6000-10000,本科,2021-11-07 10:45
前端开发工程师,厦门蓝斯通信股份有限公司,厦门市集美区,10000-15000,,2021-11-07 10:41
前端架构师,福建首冠电力科技工程有限公司,厦门市,,本科,2021-11-07 10:19
前端工程师,厦门唐普信息技术有限公司,厦门市湖里区,12000-20000,大专,2021-11-06 21:30
web前端开发工程师,厦门云之巅信息技术有限公司,厦门市集美区,6000-10000,大专,2021-11-06 21:18
前端工程师,厦门万客融信息科技有限公司,厦门市思明区,10000-12000,大专,2021-11-06 19:48
前端工程师,厦门市讯发软件科技有限公司,厦门市集美区,8000-10000,大专,2021-11-06 17:48
高级前端开发工程师,福建点石网络科技有限公司,厦门市思明区,15000-20000,本科,2021-11-06 17:13
前端开发工程师,厦门美怡莱网络科技有限公司,厦门市、厦门市思明区、厦门市湖里区,,大专,2021-11-06 17:08
高级前端,厦门吾双信息科技有限公司,厦门市、厦门市湖里区,12000-17000,大专,2021-11-06 16:57
前端工程师,智业互联（厦门）健康科技有限公司,厦门市、厦门市思明区,8000-13000,大专,2021-11-06 15:52
IOT平台前端开发工程师,厦门雷迅科微电子股份有限公司,厦门市、厦门市同安区,8000-12000,大专,2021-11-06 15:23
前端工程师,厦门千黛美容有限公司,厦门市、厦门市思明区,9000-12000,大专,2021-11-06 14:23
智能研发 C web前端工程师（2022应届生） [实习],厦门狄耐克智能科技股份有限公司,厦门市湖里区、厦门市海沧区,5000-8000元/月,无,2021-11-06 14:00
web前端工程师,赛客（厦门）医疗器械有限公司,厦门市海沧区,,本科,2021-11-06 13:50
高级web前端工程师,厦门致一科技有限公司,厦门市思明区,10000-18000,大专,2021-11-06 13:46
web前端工程师,厦门物通博联网络科技有限公司,厦门市集美区,6000-12000,本科,2021-11-06 13:21
Web前端工程师,厦门筑云信息技术有限公司,厦门市集美区,6000-12000,大专,2021-11-06 12:34
前端开发工程师,福建顺磊集团有限公司,厦门市、厦门市集美区,6000-10000,大专,2021-11-06 11:50
web前端开发工程师,厦门星罗网络科技有限公司,厦门市思明区,6000-11000,本科,2021-11-06 11:48
前端开发,厦门导航者软件科技有限公司,厦门市思明区,,大专,2021-11-06 11:40
前端开发工程师,厦门尚客茶业有限公司,厦门市思明区,5000-8000,大专,2021-11-06 10:48
前端开发,厦门尚客茶业有限公司,厦门市、厦门市思明区,5000-8000,大专,2021-11-06 10:48
web前端开发工程师,厦门松霖科技股份有限公司,厦门市,,本科,2021-11-06 10:30
前端工程师,北京中盾安邦数据技术有限公司,福建省、泉州市,7000-14000,本科,2021-11-06 09:23
前端工程师,厦门美家帮科技股份有限公司,厦门市思明区,8000-16000,,2021-11-06 09:13
中高级前端工程师（双休）,厦门美家帮科技股份有限公司,厦门市、厦门市思明区,11000-22000,大专,2021-11-06 09:13
前端工作人员,西恩威（厦门）金属实业有限公司,厦门市集美区,7000-10000,,2021-11-06 09:04
Web前端开发,厦门谦迅达网络科技有限公司,厦门市思明区,4500-7000,大专,2021-11-06 08:23
Web前端开发助理工程师,厦门谦迅达网络科技有限公司,厦门市、厦门市思明区、厦门市翔安区、厦门市集美区、厦门市同安区、厦门市海沧区、厦门市湖里区,4000-5500,大专,2021-11-06 08:23
web前端开发初级工程师,厦门森蓝互动信息技术有限公司,厦门市、厦门市思明区,4500-5500,大专,2021-11-06 08:23
web前端工程师/软件开发,厦门美科安防科技股份有限公司,厦门市集美区,9000-15000,本科,2021-11-06 08:12
前端排版设计,厦门市快美数码快印有限公司,厦门市、厦门市思明区,3000-5000,无,2021-11-06 08:10
前端工程师,天成慧康（厦门）信息科技有限公司,厦门市,6000-10000,大专,2021-11-05 22:48
web前端工程师,福建亿安智能技术有限公司,漳州市,6000-12000,本科,2021-11-05 18:18
前端工程师,厦门爱陆通通信科技有限公司,厦门市集美区,8000-12000,本科,2021-11-05 18:06
web前端开发工程师,福建易捷乐电子商务有限公司厦门分公司,厦门市思明区,8000-15000,大专,2021-11-05 18:01
前端研发工程师,厦门求同信息科技有限公司,厦门市湖里区,10000-20000(底薪：9000-15000+提成),本科,2021-11-05 18:00
前端工程师,厦门物之联智能科技有限公司,厦门市、厦门市集美区,8000-15000,本科,2021-11-05 18:00
web前端工程师（中高级）,厦门市亲优大道信息科技有限公司,厦门市思明区,10000-20000,大专,2021-11-05 17:55
前端开发工程师,厦门斯玛特思智能电气有限公司,厦门市集美区,8000-12000,,2021-11-05 17:37
前端工程师,嘉文丽（福建）化妆品有限公司,厦门市海沧区、漳州市,9000-13000,,2021-11-05 17:27
前端开发工程师,英富保软件科技（厦门）有限公司,厦门市集美区,7000-12000,本科,2021-11-05 17:26
游戏前端工程师,福建希望文化传播有限公司,厦门市思明区,12000-17000,,2021-11-05 17:22
高级前端开发工程师,厦门剧牛文化科技有限公司,厦门市思明区,8000-10000,,2021-11-05 17:20
前端开发工程师,厦门剧牛文化科技有限公司,厦门市思明区,7000-8000,,2021-11-05 17:20
前端开发工程师,厦门正观易知科技有限公司,厦门市思明区,10000-15000,本科,2021-11-05 17:19
前端工程师,厦门大秉科技有限公司,厦门市湖里区,6000-10000,大专,2021-11-05 17:18
前端（VUE）开发工程师,京北方信息技术股份有限公司厦门分公司,厦门市,8000-14000,本科,2021-11-05 17:17
前端开发工程师,天阳宏业科技股份有限公司,厦门市,12000-18000,大专,2021-11-05 17:11
前端开发工程师,天阳宏业科技股份有限公司,厦门市思明区,8000-12000,本科,2021-11-05 17:11
JS前端开发工程师,厦门锐谷通信设备有限公司,厦门市、厦门市集美区,3000-6000,本科,2021-11-05 17:08
前端工程师,厦门千盾信息技术有限公司,厦门市思明区,7000-10000,大专,2021-11-05 17:07
前端开发工程师,厦门科云信息科技有限公司,厦门市,6000-8000,本科,2021-11-05 17:06
前端开发,厦门飞世尔科技有限公司,厦门市集美区,4000-8000,本科,2021-11-05 16:48
前端开发工程师,厦门优芽网络科技有限公司,厦门市、厦门市湖里区,10000-20000,本科,2021-11-05 16:42
前端开发工程师,厦门嘉乐道管理咨询有限公司,厦门市,15000-25000,本科,2021-11-05 16:40
前端开发工程师,厦门信用家网络科技有限公司,福建省、厦门市、厦门市思明区,6000-11000,大专,2021-11-05 16:36
前端工程师,厦门侠网旅游服务有限公司,厦门市,6000-12000,大专,2021-11-05 16:35
web前端工程师,厦门市德医互联科技有限公司,厦门市集美区,10000-20000,大专,2021-11-05 16:32
前端开发工程师,厦门用友烟草软件有限责任公司,厦门市,7000-10000,本科,2021-11-05 16:24
web前端开发工程师,厦门启鸿博科技有限公司,厦门市、湖北省、湖南省,10000-15000(底薪：5000-10000+提成),中专,2021-11-05 16:04
游戏前端开发工程师,厦门南叁南科技有限公司,厦门市思明区、厦门市、福建省,6000-10000,本科,2021-11-05 16:01
WEB前端工程师,厦门正航软件科技有限公司,厦门市思明区,6000-10000,本科,2021-11-05 15:57
web前端（福州）,上海泛微网络科技股份有限公司,福建省、福州市,4000-8000,大专,2021-11-05 15:52
前端软件开发工程师,厦门德捷信息科技有限公司,厦门市集美区,8000-13000,本科,2021-11-05 15:42
web前端中高级开发工程师,福建新时颖电子商务有限公司,厦门市湖里区,10000-15000,本科,2021-11-05 15:34
web前端工程师,福建新时颖电子商务有限公司,厦门市湖里区,7000-12000,本科,2021-11-05 15:34
高级WEB前端工程师,厦门睿佳贤信息咨询有限公司,厦门市,15000-25000,本科,2021-11-05 15:06
前端工程师（金源大厦）,厦门同步天成软件股份有限公司,福建省、厦门市、厦门市思明区,7000-12000,大专,2021-11-05 15:05
前端工程师（智慧财政部）,厦门同步天成软件股份有限公司,厦门市思明区,7000-10000,大专,2021-11-05 15:05
前端开发工程师（中级）,厦门九桥科技有限公司,福建省、厦门市、厦门市湖里区,8000-15000,大专,2021-11-05 14:51
Web前端GIS工程师,厦门市超游网络科技股份有限公司,厦门市思明区,15000-20000,大专,2021-11-05 14:41
前端开发工程师,厦门职行力信息科技有限公司,厦门市思明区,8000-13000,大专,2021-11-05 14:33
Web前端开发工程师,海银智慧（厦门）科技有限公司,厦门市湖里区,9000-12000,本科,2021-11-05 14:29
前端开发工程师,南强智视（厦门）科技有限公司,厦门市、厦门市思明区,10000-15000,大专,2021-11-05 14:24
前端工程师,厦门美肯科技有限公司,厦门市湖里区,8000-15000,本科,2021-11-05 14:23
前端开发工程师,嘉兴门门信息技术有限公司,厦门市湖里区、厦门市,7000-14000,本科,2021-11-05 14:23
前端开发人员,福建新继船舶服务有限公司,厦门市思明区,10000-15000,本科,2021-11-05 14:13
前端工程师,简极科技有限公司,厦门市、厦门市湖里区,7000-12000,大专,2021-11-05 14:09
web前端工程师,厦门微亚智能科技有限公司,厦门市湖里区,9000-14000,本科,2021-11-05 14:07
前端工程师,吉鼎（厦门）科技有限公司,厦门市湖里区,6000-9500,大专,2021-11-05 14:07
初级前端工程师,吉鼎（厦门）科技有限公司,厦门市湖里区、厦门市,5000-8000,大专,2021-11-05 14:07
高级前端工程师,吉鼎（厦门）科技有限公司,厦门市、厦门市湖里区,11000-20000,本科,2021-11-05 14:07
应用前端开发工程师,吉鼎（厦门）科技有限公司,厦门市、福建省,5000-8000,大专,2021-11-05 14:07
前端工程师,厦门特力通信息技术股份有限公司,厦门市思明区,10000-15000,,2021-11-05 14:06
Web前端工程师,厦门奥普拓自控科技有限公司,厦门市湖里区,10000-18000,本科,2021-11-05 13:59
WEB前端开发工程师,厦门对歌网络有限公司,厦门市思明区,5000-8000,本科,2021-11-05 13:57
前端工程师,厦门联拓信息技术有限公司,厦门市、厦门市湖里区,,大专,2021-11-05 13:55
前端工程师,厦门联拓信息技术有限公司,厦门市湖里区,,本科,2021-11-05 13:55
前端(前端),厦门龙人亦进信息科技有限公司,厦门市,12000-15000,本科,2021-11-05 13:50
前端工程师,厦门龙人亦进信息科技有限公司,厦门市,8000-12000,大专,2021-11-05 13:50
Web前端开发工程师,厦门龙人亦进信息科技有限公司,厦门市集美区,8000-12000,大专,2021-11-05 13:50
高级前端工程师,团点（厦门）网络科技有限公司,厦门市集美区,15000-22000,,2021-11-05 13:46
中级web前端工程师（急）,团点（厦门）网络科技有限公司,厦门市集美区,8000-15000,,2021-11-05 13:46
技术前端,厦门勤天财务管理有限公司,厦门市湖里区,4000-6000,大专,2021-11-05 13:44
ReactNative前端工程师,厦门畅博思信息技术有限公司,厦门市湖里区,10-15,本科,2021-11-05 13:35
前端开发工程师,厦门畅博思信息技术有限公司,厦门市湖里区,6000-10000,本科,2021-11-05 13:35
前端工程师,厦门计讯物联科技有限公司,厦门市集美区,8000-12000,本科,2021-11-05 13:33
前端开发工程师,厦门弘信电子科技集团股份有限公司,厦门市翔安区,6000-8000,,2021-11-05 13:29
前端开发工程师,厦门万宾科技有限公司,厦门市,7000-14000,本科,2021-11-05 11:29
web前端工程师,厦门一维天地信息技术有限公司,厦门市集美区,6000-12000,本科,2021-11-05 11:12
前端开发工程师,厦门凡道科技有限公司,厦门市湖里区,8000-10000,,2021-11-05 11:12
web前端架构师,厦门艾睿微尔网络科技有限公司,厦门市、厦门市思明区,11000-18000,大专,2021-11-05 11:02
Web前端工程师,厦门艾睿微尔网络科技有限公司,厦门市思明区,6000-12000,大专,2021-11-05 11:02
初级web前端开发工程师（应届生可投）,回未科技（厦门）有限公司,厦门市、厦门市思明区,6000-10000,本科,2021-11-05 10:34
高级前端开发工程师,回未科技（厦门）有限公司,厦门市、厦门市思明区,16000-25000,大专,2021-11-05 10:34
中级前端开发工程师,回未科技（厦门）有限公司,厦门市、厦门市思明区,11000-15000,本科,2021-11-05 10:34
高级web前端开发工程师,回未科技（厦门）有限公司,厦门市、厦门市思明区、国外,16000-25000,大专,2021-11-05 10:34
前端工程师,厦门海川润泽物联网科技有限公司,厦门市集美区,,本科,2021-11-05 10:30
前端工程师,厦门腾星云科技有限公司,厦门市,8000-12000,,2021-11-05 10:07
WEB前端工程师,厦门物源通信息科技有限公司,厦门市湖里区,8000-15000,本科,2021-11-05 09:56
高级前端工程师,厦门易驰软件有限公司,厦门市,12000-20000,大专,2021-11-05 09:52
前端工程师,厦门易驰软件有限公司,厦门市,5000-6000,大专,2021-11-05 09:52
初级前端工程师,麦乐峰（厦门）智能科技有限公司,厦门市思明区,5000-10000,本科,2021-11-05 09:48
中高级前端工程师,麦乐峰（厦门）智能科技有限公司,厦门市思明区,,本科,2021-11-05 09:48
web前端开发,厦门泓庚航海科技有限公司,厦门市集美区,3000-6000,,2021-11-05 09:48
web前端开发工程师,厦门浮点网络科技有限公司,厦门市,7000-12000,大专,2021-11-05 09:43
web前端开发工程师（高级）,厦门欧米克网络科技有限公司,福建省、厦门市、厦门市湖里区,12000-18000,,2021-11-05 09:38
小程序前端开发员―天之旭,厦门天洽餐饮管理有限公司,厦门市思明区,4500-7000,大专,2021-11-05 09:30
web前端开发工程师,厦门卫星定位应用股份有限公司,厦门市,,本科,2021-11-05 09:25
前端工程师,厦门市巨龙信息科技有限公司,厦门市、厦门市集美区,,大专,2021-11-05 09:23
前端开发工程师,厦门市巨龙信息科技有限公司,厦门市,,大专,2021-11-05 09:23
中级前端工程师,厦门市易联众易惠科技有限公司,厦门市思明区,8000-13000,本科,2021-11-05 09:22
前端开发工程师,厦门海迈科技股份有限公司,福建省、厦门市、厦门市思明区,10000-13000,,2021-11-05 09:21
前端开发工程师,厦门市盛迅信息技术股份有限公司,泉州市,9000-11000,,2021-11-05 09:21
前端（可视化）,厦门市盛迅信息技术股份有限公司,福建省、厦门市、厦门市思明区,10000-15000,,2021-11-05 09:21
前端开发工程师（中级）,厦门市盛迅信息技术股份有限公司,福建省、厦门市、厦门市思明区,9000-12000,,2021-11-05 09:21
前端工程师,厦门兆慧网络科技有限公司,厦门市、厦门市集美区,8000-15000,大专,2021-11-05 09:18
WEB前端开发工程师,摩多（厦门）科技有限公司,厦门市思明区,5000-8000,本科,2021-11-05 09:12
前端开发工程师,厦门四信通信科技有限公司,厦门市集美区,8000-16000,本科,2021-11-05 09:10
H5前端web工程师,厦门四信通信科技有限公司,厦门市集美区,8000-15000,本科,2021-11-05 09:10
前端cocoslua,厦门游动网络科技有限公司,厦门市,7000-10000,,2021-11-05 09:08
Web前端工程师 （急聘）,厦门思科迪电子商务有限公司,厦门市思明区、厦门市,7000-10000,大专,2021-11-05 09:07
HTML5前端开发工程师,厦门中智信系统集成有限公司,厦门市,6000-10000,本科,2021-11-05 09:04
高级前端开发工程师,厦门畅享信息技术有限公司,厦门市、厦门市集美区,,本科,2021-11-05 09:04
初级前端开发工程师,厦门畅享信息技术有限公司,厦门市、厦门市集美区,,大专,2021-11-05 09:04
前端研发工程师（面向21、22届）,厦门畅享信息技术有限公司,厦门市,,本科,2021-11-05 09:04
前端开发工程师,厦门畅享信息技术有限公司,厦门市,,大专,2021-11-05 09:04
中级前端工程师,厦门安达出行科技有限公司,厦门市思明区,8000-12000,本科,2021-11-05 09:02
中高级web前端工程师,厦门中远方舟网络科技有限公司,厦门市,10000-17000,本科,2021-11-05 09:01
前端工程师（中级）,厦门链石网络科技有限公司,厦门市思明区,10000-15000,,2021-11-05 09:00
前端工程师（高级/中级/初级）,厦门链石网络科技有限公司,厦门市思明区,10000-15000,,2021-11-05 09:00
前端工程师,智业软件股份有限公司,厦门市思明区,6000-10000,本科,2021-11-05 08:57
前端开发工程师,中交（厦门）电子商务有限公司,厦门市、厦门市集美区,,本科,2021-11-05 08:56
前端开发工程师,厦门熙重电子科技有限公司,厦门市,6000-9000,本科,2021-11-05 08:54
前端工程师,幼之幼（厦门）教育科技有限公司,厦门市、厦门市集美区,7000-10000,本科,2021-11-05 08:54
高级前端工程师,厦门威尔信息技术有限公司,厦门市思明区、厦门市、厦门市集美区,15000-25000,本科,2021-11-05 08:53
WEB前端开发工程师,厦门威尔信息技术有限公司,厦门市、厦门市思明区、厦门市集美区,10000-15000,本科,2021-11-05 08:53
前端开发工程师,厦门快普信息技术有限公司,厦门市思明区,8000-15000,大专,2021-11-05 08:49
前端工程师（管培生）,白鸽在线（厦门）网络科技有限公司,厦门市湖里区,6000-8000,,2021-11-05 08:41
前端工程师,易信（厦门）信用服务技术有限公司,厦门市思明区,12000-20000,本科,2021-11-05 08:33
前端开发工程师,大长江（厦门）信息科技有限公司,厦门市湖里区,5000-10000,本科,2021-11-05 08:21
高级前端工程师,福建叁壹教育科技集团有限公司,厦门市思明区,10000-15000,本科,2021-11-05 08:11
中级前端工程师,福建叁壹教育科技集团有限公司,厦门市思明区,8000-15000,大专,2021-11-05 08:11
前端工程师,福建叁壹教育科技集团有限公司,厦门市思明区,8000-15000,大专,2021-11-05 08:11
web前端开发工程师,厦门华资源科技股份有限公司,福建省、厦门市、厦门市湖里区,9000-15000,,2021-11-04 17:54
前端开发工程师（急招）,厦门华资源科技股份有限公司,厦门市湖里区,9000-15000,大专,2021-11-04 17:54
WEB前端开发,福建易联众医卫信息技术有限公司,厦门市思明区,8000-15000,大专,2021-11-04 17:28
前端开发工程师,福建易联众医卫信息技术有限公司,厦门市思明区,8000-12000,大专,2021-11-04 17:28
前端工程师（高级）,福建易联众医卫信息技术有限公司,厦门市思明区,10000-20000,大专,2021-11-04 17:28
前端工程师,福建易联众医卫信息技术有限公司,厦门市思明区,7000-10000,大专,2021-11-04 17:28
前端高级工程师,厦门创享云商电子商务有限公司,厦门市思明区,10000-15000,大专,2021-11-04 17:28
前端开发工程师,厦门云顶伟业信息技术有限公司,厦门市思明区,,,2021-11-04 16:41
前端主管,厦门久凌创新科技有限公司,厦门市,13000-15000,,2021-11-04 16:33
初中级前端开发（观音山）,厦门久凌创新科技有限公司,厦门市思明区,6000-9000,大专,2021-11-04 16:33
web前端开发工程师,厦门久凌创新科技有限公司,厦门市思明区,5000-10000,大专,2021-11-04 16:33
前端开发,厦门同创空间信息技术有限公司,厦门市集美区,8000-16000,大专,2021-11-04 16:19
前端工程师,北京宇信科技集团股份有限公司,厦门市思明区,6000-10000,本科,2021-11-04 16:17
Web前端开发工程师,厦门拓宝科技有限公司,厦门市海沧区,,大专,2021-11-04 16:03
WEB前端开发工程师,厦门因驰信息科技有限公司,厦门市集美区,4000-8000,本科,2021-11-04 15:15
前端工程师（急）,人人汇（厦门）信息科技有限公司,厦门市、厦门市思明区,6000-11000,大专,2021-11-04 15:09
web前端软件工程师,谊美吉斯光电科技（福建）有限公司,厦门市集美区,5000-7000,大专,2021-11-04 15:04
中级前端工程师,福建中青手拉手教育科技有限公司,厦门市,8000-15000,本科,2021-11-04 15:01
前端开发工程师,厦门无忧无虑网络科技有限公司,福建省、厦门市思明区、厦门市,6000-12000,本科,2021-11-04 14:45
前端开发,厦门山国饮艺茶业有限公司,厦门市、厦门市思明区,5000-8000,大专,2021-11-04 14:37
Web前端开发工程师,科技谷（厦门）信息技术有限公司,厦门市,6000-10000,本科,2021-11-04 14:24
WEB前端实习/预就业 [实习],亚尔迪（厦门）科技有限公司,厦门市、厦门市集美区,3000-4000,无,2021-11-04 14:12
高级Web前端开发工程师,亚尔迪（厦门）科技有限公司,厦门市、厦门市集美区,12000-16000,大专,2021-11-04 14:12
中级Web前端开发工程师,亚尔迪（厦门）科技有限公司,厦门市、厦门市集美区,8000-12000,大专,2021-11-04 14:12
前端开发工程师,厦门市有吖财务管理有限公司,厦门市湖里区,7000-10000,,2021-11-04 14:04
前端工程师,厦门兑为泽网络科技有限公司,厦门市集美区,5000-8000,,2021-11-04 13:53
web前端工程师,厦门美亚亿安信息科技有限公司,厦门市思明区,12000-18000,大专,2021-11-04 13:45
高级前端开发工程师,厦门渊亭信息科技有限公司,厦门市思明区,15000-25000,本科,2021-11-04 13:34
前端架构师,厦门渊亭信息科技有限公司,厦门市,25000-45000,本科,2021-11-04 13:34
中级前端开发工程师,厦门渊亭信息科技有限公司,厦门市,12000-17000,,2021-11-04 13:34
前端工程师,厦门黑镜科技有限公司,厦门市思明区,8000-16000,大专,2021-11-04 12:58
web前端开发工程师,易联众智能（厦门）科技有限公司,厦门市,7000-12000,本科,2021-11-04 11:55
C/C++开发工程师（底层驱动、前端应用）,易联众智能（厦门）科技有限公司,厦门市,7000-12000,本科,2021-11-04 11:54
前端开发工程师,厦门普标计量检测研究有限公司,福建省、厦门市集美区,,本科,2021-11-04 10:59
Wed前端开发工程师,厦门创世智云科技有限公司,厦门市思明区,4000-8000,,2021-11-04 10:58
Web前端工程师,厦门独为科技股份有限公司,福建省、厦门市思明区,9000-15000,无,2021-11-04 10:33
微信公众号小程序前端开发,厦门市协艺计算机开发有限公司,福建省、厦门市,4000-7000,,2021-11-04 10:29
Web前端开发工程师,厦门信息港建设发展股份有限公司,厦门市思明区,7500-10000,本科,2021-11-04 10:08
WEB前端开发工程师,雅马哈发动机（厦门）信息系统有限公司,厦门市集美区,5000-8000,本科,2021-11-04 10:05
Web前端工程师,厦门逍遥游国际旅行社有限公司,厦门市湖里区,5000-7000,大专,2021-11-04 10:04
前端软件开发专员,厦门朗思智能科技有限公司,福建省、厦门市、厦门市湖里区,4000-6000,本科,2021-11-04 09:55
资深web前端,厦门绩牛软件技术有限公司,厦门市思明区,8000-12000,本科,2021-11-04 09:41
前端开发工程师,厦门绩牛软件技术有限公司,厦门市思明区,11000-22000,,2021-11-04 09:41
web前端,厦门绩牛软件技术有限公司,厦门市思明区,5000-10000,本科,2021-11-04 09:41
前端开发工程师,奇秦科技（北京）股份有限公司,厦门市集美区,8000-15000,本科,2021-11-04 09:28
前端架构师【紧急】,奇秦科技（北京）股份有限公司,厦门市集美区,15000-25000,本科,2021-11-04 09:28
前端开发工程师【2022届】,奇秦科技（北京）股份有限公司,厦门市集美区,3000-4000,本科,2021-11-04 09:28
前端开发-可接受出差,厦门至恒融兴信息技术股份有限公司,厦门市,,本科,2021-11-04 09:21
WEB前端开发工程师,厦门至恒融兴信息技术股份有限公司,北京市、深圳市,9000-18000,本科,2021-11-04 09:21
web前端工程师,厦门亿学软件有限公司,厦门市、厦门市集美区,10000-15000,本科,2021-11-04 09:19
Vue前端开发工程师,厦门亿学软件有限公司,厦门市思明区、厦门市湖里区,9000-15000,大专,2021-11-04 09:19
前端开发工程师,厦门立方幻境科技有限公司,厦门市,5000-10000,大专,2021-11-04 08:51
前端工程师,厦门工大海松智能科技有限公司,厦门市湖里区、厦门市,,,2021-11-04 08:32
web前端开发工程师,厦门微汇管车信息科技有限公司,厦门市思明区,6000-10000,大专,2021-11-03 17:38
前端开发工程师,三维码（厦门）网络科技有限公司,厦门市湖里区,8000-15000,大专,2021-11-03 17:27
前端开发工程师,厦门速速通信息技术有限公司,厦门市思明区,5000-7000,,2021-11-03 16:26
前端工程师,建信融通有限责任公司,厦门市、厦门市思明区,10000-20000,本科,2021-11-03 15:56
web前端开发工程师,厦门市虫虫网络科技有限公司,厦门市、厦门市思明区,6000-10000,本科,2021-11-03 14:54
前端初级工程师,厦门美契信息技术有限公司,厦门市思明区,4000-5500,本科,2021-11-03 14:41
前端开发工程师,厦门美契信息技术有限公司,厦门市,5000-10000,大专,2021-11-03 14:41
前端开发工程师,厦门弘有信信息技术服务有限公司,厦门市湖里区,8000-10000,大专,2021-11-03 14:00
WEB前端GIS开发工程师/开发组长,厦门集恩图造信息科技股份有限公司,厦门市思明区,5000-10000,本科,2021-11-03 13:48
3D前端工程师,厦门指纹科技有限公司,厦门市思明区,12000-20000,本科,2021-11-03 11:25
高级前端工程师,厦门指纹科技有限公司,厦门市,10000-20000,本科,2021-11-03 11:25
中级前端工程师,厦门市智联信通物联网科技有限公司,厦门市同安区,8000-15000,大专,2021-11-03 09:33
web前端开发,厦门尚为科技股份有限公司,厦门市思明区,6000-10000,大专,2021-11-03 09:24
Web前端开发工程师,厦门乐榜网络科技有限公司,厦门市,5000-8000,大专,2021-11-03 09:21
初级前端工程师,厦门保驾护航网络科技有限公司,厦门市、厦门市思明区,4000-8000,大专,2021-11-03 08:28
软件开发工程师（Web前端）,厦门闽光电气实业有限公司,厦门市,10000-15000,本科,2021-11-03 08:14
Web前端开发/前端开发工程师,厦门互隆信息技术有限公司,厦门市思明区,4000-6000,大专,2021-11-02 16:20
前端开发工程师,用友网络科技股份有限公司厦门分公司,厦门市湖里区,7000-14000,,2021-11-02 16:07
前端工程师 YB,厦门畅拓科技有限公司,厦门市,15000-30000,本科,2021-11-02 10:30
高级前端工程师,厦门畅拓科技有限公司,厦门市,15000-30000,本科,2021-11-02 10:30
前端开发工程师,普乐美（厦门）美容有限公司,厦门市思明区、厦门市湖里区,10000-15000,大专,2021-11-02 09:37
web前端,厦门飞飞鱼供应链管理有限公司,厦门市思明区,7500-12000,,2021-11-02 09:17
全栈工程师（前端/后端）,厦门海为科技有限公司,厦门市、厦门市集美区、厦门市翔安区,,大专,2021-11-01 18:51
前端开发工程师（WEB/JS/HTML5）,厦门海为科技有限公司,厦门市、厦门市集美区、厦门市翔安区,,大专,2021-11-01 18:51
Web前端工程师,福建迅腾电力勘察设计有限公司,厦门市湖里区,7000-14000,本科,2021-11-01 16:26
Web前端,福建迅腾电力勘察设计有限公司,厦门市湖里区、漳州市,10000-15000,本科,2021-11-01 16:26
前端工程师,福建中科云杉信息技术有限公司,厦门市、厦门市湖里区,12000-18000,本科,2021-11-01 16:03
中级前端开发工程师（思明）,厦门澜海人力资源顾问有限公司,厦门市,10000-12000,大专,2021-11-01 14:11
web前端开发工程师,厦门澜海人力资源顾问有限公司,厦门市,,本科,2021-11-01 14:11
web前端开发工程师,厦门商集网络科技有限责任公司,厦门市思明区,12000-15000,本科,2021-11-01 10:57
高级web前端开发工程师,厦门商集网络科技有限责任公司,厦门市思明区,15000-18000,本科,2021-11-01 10:57
前端中级开发工程师,厦门金网科技有限公司,厦门市思明区,10000-15000,本科,2021-11-01 09:19
前端开发工程师,厦门识凌科技有限公司,厦门市集美区,,大专,2021-11-01 09:08
前端工程师,厦门卡伦特科技有限公司,厦门市集美区,8000-16000,本科,2021-10-30 17:03
前端开发工程师,厦门博言善行管理咨询有限公司,厦门市集美区,8000-13000,中专,2021-10-29 17:49
web前端开发工程师（面向应届生）,福建自贸试验区厦门片区Manteia数据科技有限公司,福建省、厦门市、厦门市思明区,7000-12000,,2021-10-29 17:34
web前端开发工程师（高级）,福建自贸试验区厦门片区Manteia数据科技有限公司,厦门市思明区,10000-20000,本科,2021-10-29 17:34
高级前端开发工程师,厦门汉仕杰企业管理咨询有限公司,厦门市,23000-38000,,2021-10-29 15:41
web前端开发工程师,厦门晶欣电子有限公司,厦门市集美区、厦门市湖里区,10000-15000,本科,2021-10-29 14:41
web前端,厦门青叶软件股份有限公司,厦门市、厦门市思明区,5000-8000,本科,2021-10-29 14:00
WEB前端工程师,厦门一指通智能科技有限公司,厦门市、厦门市集美区,6000-12000,本科,2021-10-29 11:22
WEB前端工程师,成都天用唯勤科技股份有限公司,厦门市,7000-14000,本科,2021-10-29 09:13
高级web前端开发工程师,厦门乐域网络科技有限公司,厦门市湖里区,8000-15000,本科,2021-10-29 09:04
初级web前端开发工程师,厦门乐域网络科技有限公司,厦门市、厦门市湖里区,6000-10000,本科,2021-10-29 09:04
前端工程师,厦门汉为软件技术有限公司,厦门市思明区,6000-8000,大专,2021-10-29 09:02
js前端工程师,厦门智诚通科技开发有限公司,厦门市,8000-12000,大专,2021-10-28 22:16
web前端开发工程师,厦门海晟融创信息技术有限公司,厦门市,8000-15000,大专,2021-10-28 16:57
前端开发工程师,欧仕达听力科技（厦门）有限公司,厦门市海沧区,,大专,2021-10-28 16:40
Web前端工程师,厦门齐诺软件科技有限公司,厦门市湖里区,6000-10000,,2021-10-28 16:29
前端软件开发工程师,厦门融信汇网络科技有限公司,厦门市、厦门市思明区,6000-10000,大专,2021-10-28 15:19
前端开发工程师,厦门帝恩思科技股份有限公司,厦门市集美区,8000-10000,本科,2021-10-28 14:23
前端工程师,洋葱头（厦门）信息科技有限公司,厦门市集美区,5000-8000,大专,2021-10-28 11:09
前端工程师,奥宝利（厦门）国际贸易有限公司,厦门市湖里区,8000-15000,,2021-10-28 09:59
Web前端软件工程师:,厦门博视源机器视觉技术有限公司,厦门市集美区,10000-20000,大专,2021-10-28 09:55
前端开发工程师,厦门映真网络科技有限公司,厦门市湖里区,5000-8000,大专,2021-10-28 09:32
前端工程师,厦门美勒科技有限公司,厦门市湖里区,8000-15000,本科,2021-10-28 09:28
前端工程师,厦门印了么信息科技股份有限公司,厦门市思明区,6000-10000,大专,2021-10-27 17:27
前端工程师,厦门牧云数据技术有限公司,厦门市、厦门市集美区,10000-20000,本科,2021-10-27 17:23
前端开发工程师,厦门牧云数据技术有限公司,厦门市、厦门市集美区,10000-20000,大专,2021-10-27 17:23
前端开发工程师,厦门市宜车时代信息技术有限公司,厦门市、厦门市思明区,8000-15000,本科,2021-10-27 17:15
Web前端开发主管,厦门步云信息科技有限公司,福建省、厦门市、厦门市湖里区,10000-15000,大专,2021-10-27 15:58
前端软件开发工程师,福建京奥通信技术有限公司,厦门市、厦门市翔安区,8000-15000,大专,2021-10-27 11:10
Web前端开发工程师,壹拾科技有限公司,厦门市思明区、厦门市,15000-25000,本科,2021-10-27 10:49
前端工程师,南威软件集团,泉州市,5000-7000,本科,2021-10-27 09:37
高级Web前端开发工程师,罗普特科技集团股份有限公司,厦门市思明区,10000-15000,本科,2021-10-27 09:19
Web前端开发工程师,厦门智慧图信息科技有限公司,厦门市、厦门市思明区,6000-10000(底薪：5000-8000+提成),,2021-10-27 09:09
前端开发工程师,厦门易联众易方科技有限公司,厦门市,7000-12000,本科,2021-10-27 08:19
【高薪急聘】中、高级前端vue开发工程师,中电金信软件有限公司,厦门市,9000-18000,本科,2021-10-26 23:37
前端开发工程师,厦门超越优联科技有限公司,厦门市、厦门市思明区,8000-15000,大专,2021-10-26 13:33
前端开发工程师,厦门北郡科技有限公司,福建省、厦门市、厦门市思明区,9000-15000,高中,2021-10-26 10:09
初级前端开发工程师,厦门北郡科技有限公司,厦门市思明区,4000-8000,,2021-10-26 10:09
中级前端开发,厦门美勒科技有限公司,厦门市湖里区,8000-15000,大专,2021-10-26 09:56
高级前端开发工程师,商中在线科技股份有限公司,厦门市思明区,8000-13000,大专,2021-10-26 09:40
前端开发工程师,厦门鹅卵石网络科技有限公司,厦门市,8000-12000,本科,2021-10-25 17:19
前端开发工程师,厦门市中易服信息科技有限公司,厦门市、厦门市思明区、厦门市湖里区,12000-20000,大专,2021-10-25 17:00
web前端开发工程师,双驰实业股份有限公司,福州市,10000-15000,本科,2021-10-25 16:27
Web前端工程师,厦门锐特信息技术有限公司,厦门市集美区,10000-15000,本科,2021-10-25 14:01
前端工程师,厦门数联场景科技有限公司,厦门市思明区,5500-8000,大专,2021-10-25 11:23
中级前端工程师,厦门吉联科技有限公司,厦门市思明区,10000-15000,本科,2021-10-25 10:31
前端开发,厦门壹生信息科技有限公司,福建省,15000-22000,本科,2021-10-25 09:46
前端工程师,福建平安报警网络有限公司,厦门市集美区,7000-12000,,2021-10-22 17:18
前端开发工程师,厦门微控科技有限公司,厦门市,,本科,2021-10-22 14:56
前端开发工程师,厦门海伸工贸有限公司,厦门市湖里区,6000-12000,本科,2021-10-22 11:35
前端开发工程师,厦门立马耀网络科技有限公司,厦门市思明区,10000-15000,本科,2021-10-22 11:31
前端开发工程师,厦门速盟科技有限公司,厦门市思明区,10000-20000,大专,2021-10-21 19:01
前端工程师（百应小额贷款公司）,七匹狼控股集团股份有限公司,厦门市思明区,,本科,2021-10-21 17:31
WEB前端开发工程师（2022校园招聘）-福州,中电福富信息科技有限公司,福州市,6000-10000,本科,2021-10-21 16:13
前端工程师,厦门大澳天成网络科技有限公司,厦门市、厦门市思明区,10000-15000,本科,2021-10-21 14:56
web前端,厦门巴掌互动科技有限公司,福建省、厦门市、厦门市集美区,10000-15000,大专,2021-10-20 10:50
前端开发工程师,厦门谷沣科技有限公司,厦门市,7000-14000(底薪：5000-8000+提成),大专,2021-10-20 09:24
前端工程师,厦门思维云网络科技有限公司,厦门市思明区,8000-12000,,2021-10-20 08:09
前端工程师,厦门久银信息技术有限公司,济南市,8000-13000,本科,2021-10-19 10:26
web前端/小程序/H5开发,厦门市奇获网络科技有限公司,厦门市湖里区、厦门市思明区,6000-8000,大专,2021-10-19 09:07
前端开发工程师H5,厦门市鹏力信息技术有限公司,厦门市湖里区,5000-10000(底薪：3000-5000+提成),大专,2021-10-18 23:21
前端工程师,厦门福龙诚信息科技有限公司,厦门市、厦门市集美区,6000-12000,本科,2021-10-18 18:09
前端开发工程师,厦门服云信息科技有限公司,厦门市思明区,8000-12000,大专,2021-10-18 15:36
前端开发,厦门众易云算网络科技有限公司,福建省、厦门市、厦门市思明区,10000-13000,大专,2021-10-18 15:18
前端工程师,厦门市法度信息科技有限公司,厦门市集美区,8000-15000,本科,2021-10-18 11:16
web前端工程师,厦门互啪智能科技有限公司,厦门市、厦门市思明区,8000-16000,大专,2021-10-15 08:56
前端工程师,厦门比特魔方信息科技有限公司,厦门市思明区,8000-13000,大专,2021-10-15 08:04
前端开发工程师,趣游（厦门）科技有限公司,厦门市、厦门市湖里区,8000-15000,大专,2021-10-14 18:40
【软件开发部】前端开发工程师（中高级）,万国（福建）投资集团有限公司,厦门市湖里区,10000-15000,本科,2021-10-14 10:38
Web前端工程师,福建省天伦之美科技有限公司,厦门市思明区,5000-10000,中专,2021-10-14 10:26
前端开发工程师（云平台）,厦门创普云科技有限公司,厦门市湖里区、厦门市,7500-15000,大专,2021-10-13 19:30
Web初级前端工程师,厦门融达信数据技术有限公司,厦门市集美区,4000-6000,,2021-10-12 15:17
Web中级前端工程师,厦门融达信数据技术有限公司,厦门市集美区,6000-8000,,2021-10-12 15:17
高级web前端工程师,北京壹体体育产业发展有限公司厦门分公司,厦门市思明区,12000-22000,本科,2021-10-12 14:14
前端开发工程师,厦门鹭棱科技有限公司,厦门市,8000-15000,大专,2021-10-11 15:54
web前端,福建自贸试验区厦门片区益客联信息科技有限公司,厦门市思明区,4500-9000,,2021-10-11 13:54
web前端工程师,厦门市和家健脑智能科技有限公司,福州市、厦门市,8000-13000,本科,2021-10-11 11:48
前端（Andriod、ios）架构师,益华（厦门）房地产开发有限公司,厦门市,15000-30000,本科,2021-10-09 16:08
前端开发工程师,益华（厦门）房地产开发有限公司,厦门市思明区,6000-11000,本科,2021-10-09 16:08
前端开发工程师,厦门微信软件有限公司,厦门市,,本科,2021-10-09 14:41
WebGIS前端开发工程师,厦门精图信息技术有限公司,厦门市思明区,5000-10000,本科,2021-10-09 08:42
web前端开发工程师,厦门精图信息技术有限公司,厦门市思明区,,大专,2021-10-09 08:42
